花火大会名,公式サイトURL,開催地,開催予定日
長岡まつり大花火大会,https://nagaokamatsuri.com/,新潟県長岡市,2027-08-02〜2027-08-03
全国花火競技大会（大曲の花火）,https://www.oomagari-hanabi.com/,秋田県大仙市,2027-08-28
土浦全国花火競技大会,https://www.tsuchiura-hanabi.jp/,茨城県土浦市,2026-11-07
隅田川花火大会,https://www.sumidagawa-hanabi.com/,東京都台東区・墨田区,2027-07-31
江戸川区花火大会,https://www.city.edogawa.tokyo.jp/e032/sports/kankou/hanabi/,東京都江戸川区,2027-08-07
諏訪湖祭水上花火大会,https://suwako-hanabi.com/,長野県諏訪市,2027-08-15
びわ湖大花火大会,https://www.biwako-hanabi.com/,滋賀県大津市,2027-08-08
なにわ淀川花火大会,https://www.yodohanabi.com/,大阪府大阪市,2027-08-08
横浜スパークリングナイター,https://sparkling.yokohama/,神奈川県横浜市,2027-05-22
仙台七夕花火祭,https://www.sendai-tanabatahanabi.com/,宮城県仙台市,2027-08-05
青森花火大会,https://aomorihanabi.com/,青森県青森市,2027-08-01
真駒内花火大会,https://www.makomanai-hanabi.com/,北海道札幌市,2027-07-25
高崎まつり大花火大会,https://www.takasaki-matsuri.jp/hanabi/,群馬県高崎市,2027-08-07
古河花火大会,https://www.kogazine.com/kogahanabi/,茨城県古河市,2027-08-07
ふじさわ江の島花火大会,https://www.fujisawa-kanko.jp/,神奈川県藤沢市,2027-10-16
熱海海上花火大会,https://www.atamipa.com/event/hanabi/,静岡県熱海市,2026-10-17
安倍川花火大会,https://www.abekawa-hanabi.com/,静岡県静岡市,2027-08-10
豊橋祇園祭 手筒花火,https://toyohashigion.org/,愛知県豊橋市,2027-07-31
長良川中日花火大会,https://www.nagaragawa-hanabi.jp/,岐阜県岐阜市,2027-08-07
PL花火芸術,https://www.perfect-liberty.or.jp/,大阪府富田林市,2027-08-01
天神祭奉納花火,https://www.tenjinsan.com/,大阪府大阪市,2027-07-24
みなとこうべ海上花火大会,https://kobehanabi.jp/,兵庫県神戸市,2027-08-07
広島みなと夢花火大会,https://www.hjcity.or.jp/hanabi/,広島県広島市,2027-07-24
関門海峡花火大会,https://kanmon-hanabi.love/,山口県下関市・福岡県北九州市,2027-08-05
筑後川花火大会,https://www.city.kurume.fukuoka.jp/,福岡県久留米市,2027-08-05
かごしま錦江湾大花火大会,https://kinkowan-hanabi.com/,鹿児島県鹿児島市,2027-08-07
熊野大花火大会,https://www.kumano-kankou.info/kumano-fireworks/,三重県熊野市,2027-08-08
海の日名古屋港みなと祭花火大会,https://www.nagoya-port-festival.com/,愛知県名古屋市,2027-07-17
葛飾納涼花火大会,https://www.city.katsushika.lg.jp/,東京都葛飾区,2027-07-20
世田谷区多摩川花火大会,https://www.tamagawa-hanabi.com/,東京都世田谷区,2026-10-03
小樽潮まつり道新花火大会,https://otaru.gr.jp/,北海道小樽市,2027-07-30
函館港まつり道新花火大会,https://www.hakodate-kankou.com/,北海道函館市,2027-08-14
勝毎花火大会,https://www.kachimai.jp/hanabi/,北海道帯広市,2027-08-13
釧路大漁どんぱく花火大会,https://www.kushiro-kankou.or.jp/,北海道釧路市,2027-10-01
旭川夏まつり道新納涼花火大会,https://www.asahikawa-cb.gr.jp/,北海道旭川市,2027-07-31
洞爺湖ロングラン花火大会,https://www.laketoya.com/,北海道洞爺湖町,2027-04-28
おびひろ平原まつり花火大会,https://www.obihiro.jp/,北海道帯広市,2027-08-14
北海道真駒内花火大会,https://www.makomanai-hanabi.com/,北海道札幌市,2027-07-25
弘前ねぷた祭り打ち上げ花火,https://www.hirosaki-kanko.or.jp/,青森県弘前市,2027-08-06
盛岡花火の祭典,https://www.morioka-hanabi.com/,岩手県盛岡市,2027-08-13
いわて奥州水沢花火大会,https://www.city.oshu.iwate.jp/,岩手県奥州市,2027-07-25
三陸花火競技大会,https://sanriku-hanabi.com/,岩手県大船渡市,2027-10-01
秋田県民花火大会,https://www.akitagata.jp/,秋田県秋田市,2027-07-25
酒田花火ショー,https://sakata-kankou.com/,山形県酒田市,2027-08-01
山形大花火大会,https://yamagata-hanabi.com/,山形県山形市,2027-08-14
赤川花火大会,https://akagawahanabi.com/,山形県鶴岡市,2027-08-21
福島花火大会,https://www.f-kankou.jp/,福島県福島市,2027-07-25
会津若松市夏季会津納涼花火大会,https://www.aizukanko.com/,福島県会津若松市,2027-08-14
いわき花火大会,https://iwakihanabi.com/,福島県いわき市,2027-08-06
水戸黄門まつり花火大会,https://mitokoumon.com/,茨城県水戸市,2027-08-01
利根川大花火大会,https://www.tonegawa-hanabi.com/,茨城県猿島郡境町,2027-09-15
宇都宮花火大会,https://www.utsunomiya-hanabi.jp/,栃木県宇都宮市,2027-08-10
足利花火大会,https://www.ashikaga-kankou.jp/,栃木県足利市,2027-08-01
前橋花火大会,https://www.maebashihanabi.jp/,群馬県前橋市,2027-08-07
沼田花火大会,https://numatahanabi.com/,群馬県沼田市,2027-09-15
熊谷花火大会,https://www.kumagaya-kanko.org/,埼玉県熊谷市,2027-08-10
秩父川瀬祭花火大会,https://chichibu-omotenashi.com/,埼玉県秩父市,2027-07-20
戸田橋花火大会,https://todabashi-hanabi.com/,埼玉県戸田市,2027-08-01
幕張ビーチ花火フェスタ,https://www.chibakanko-shien.jp/,千葉県千葉市,2027-08-01
手賀沼花火大会,https://www.teganuma-hanabi.com/,千葉県柏市・我孫子市,2027-08-01
木更津港まつり花火大会,https://www.kisarazu-kanko.gr.jp/,千葉県木更津市,2027-08-15
神宮外苑花火大会,https://www.jinguhanabi.com/,東京都新宿区,2027-08-10
立川まつり国営昭和記念公園花火大会,https://www.tachikawa-kankou.com/,東京都立川市,2027-07-25
八王子花火大会,https://www.hachioji-kankoh.com/,東京都八王子市,2027-07-25
鎌倉花火大会,https://www.kamakura-info.jp/,神奈川県鎌倉市,2027-07-15
湘南ひらつか花火大会,https://www.hiratsuka-kankou.com/,神奈川県平塚市,2027-08-20
小田原酒匂川花火大会,https://www.odawara-kankou.com/,神奈川県小田原市,2027-08-01
新潟まつり花火大会,https://niigata-matsuri.com/,新潟県新潟市,2027-08-01
ぎおん柏崎まつり海の大花火大会,https://www.sakuradamon.com/,新潟県柏崎市,2027-07-26
片貝まつり浅原神社秋季大祭奉納煙火,http://katakai-maturi.com/,新潟県小千谷市,2027-09-09
富山まつり大花火大会,https://www.toyamakan.jp/,富山県富山市,2027-07-25
北日本新聞納涼花火,https://webun.jp/,富山県富山市,2027-08-01
北國花火,https://www.hokkoku.co.jp/,石川県金沢市,2027-07-25
福井フェニックス花火,https://fukui-phoenix.com/,福井県福井市,2027-08-17
神明の花火大会,https://www.shinmeinehanabi.com/,山梨県市川三郷町,2027-08-07
石和温泉花火大会,https://www.fuefuki-kankou.jp/,山梨県笛吹市,2027-08-10
ぎふ長良川花火大会,https://www.nagaragawa-hanabi.jp/,岐阜県岐阜市,2027-08-20
伊勢神宮奉納全国花火大会,https://www.ise-kanko.jp/hanabi/,三重県伊勢市,2027-07-15
鳥羽みなとまつり花火大会,https://toba.gr.jp/,三重県鳥羽市,2027-07-25
宇治川花火大会,https://www.kyoto-kankou.or.jp/,京都府宇治市,2027-08-01
猪名川花火大会,https://www.city.ikeda.osaka.jp/,大阪府池田市・兵庫県川西市,2027-08-10
姫路みなと祭海上花火大会,https://www.himeji-kanko.jp/,兵庫県姫路市,2027-08-20
紀文まつり花火大会,https://www.wakayama-kanko.or.jp/,和歌山県和歌山市,2027-08-01
白浜花火大会,https://www.nankishirahama.jp/,和歌山県白浜町,2027-08-10
松江水郷祭湖上花火大会,https://www.matsue-suigosai.jp/,島根県松江市,2027-08-01
宇部市花火大会,https://yamaguchishi.jp/,山口県宇部市,2027-07-25
さぬき高松まつり花火大会,https://www.city.takamatsu.kagawa.jp/,香川県高松市,2027-08-13
高知市納涼花火大会,https://www.city.kochi.kochi.jp/,高知県高知市,2027-08-09
博多湾芸術花火,https://www.hakatahanabi.com/,福岡県福岡市,2027-09-01
北九州市内花火,https://www.gurutto-kitakyushu.com/,福岡県北九州市,2027-07-25
唐津観光納涼花火大会,https://www.karatsu-kankou.jp/,佐賀県唐津市,2027-07-25
長崎みなとまつり花火大会,https://www.at-nagasaki.jp/,長崎県長崎市,2027-07-25
べっぷ火の海祭り花火大会,https://www.beppu-tourism.com/,大分県別府市,2027-07-25
宮崎納涼花火大会,https://www.miyazakicity.gr.jp/,宮崎県宮崎市,2027-08-01
琉球海炎祭,https://ryukyu-kaiensai.com/,沖縄県宜野湾市,2027-04-15
エキサイティング花火,https://www.ichikawa-hanabi.com/,千葉県市川市,2027-08-07
こうのす花火大会,https://kounosuhanabi.com/,埼玉県鴻巣市,2027-10-15
熱海海上花火大会（追加枠）,https://www.atamipa.com/,静岡県熱海市,2027-08-01
鎌倉・江の島花火,https://www.fujisawa-kanko.jp/,神奈川県藤沢市,2027-10-25
お台場レインボー花火,https://www.tokyo-odaiba.net/,東京都港区,2027-12-05